Glyph,ALA-LC,Alone-Stokes,B&D,Campbell,Chaîne,Cohen,Dawkins,Dept of State,ethiop,SERA,ALA-LC_simp,Alone-Stokes_simp,B&D_simp,Campbell_simp,Chaîne_simp,Cohen_simp,Dawkins_simp,Dept of State_simp,ethiop_simp,SERA_simp
ሀ,ha,hā,hä,ha,hă,ha,hä,ha,ha,he,ha,ha,ha,ha,ha,ha,ha,ha,ha,he
ሁ,hu,hu,hu,hū,hu,hu,hu,hu,hu,hu,hu,hu,hu,hu,hu,hu,hu,hu,hu,hu
ሂ,hi,hī,hi,hī,hi,hi,hi,hi,hi,hi,hi,hi,hi,hi,hi,hi,hi,hi,hi,hi
ሃ,hā,hā,ha,hā,ha,ha,ha,ha,hā,ha,ha,ha,ha,ha,ha,ha,ha,ha,ha,ha
ሄ,hé,hē,he,hē,he,he,he,he,hē,hE,he,he,he,he,he,he,he,he,he,he
ህ,he/h,h/hi,hə/hø,he,hĕ,h/hə,hï,hɪ,he,h,he/h,h/hi,h@/ho,he,he,h/h@,hi,hi,he,h
ሆ,ho,ho,ho,hō,ho,hʷo,ho,ho,ho,ho,ho,ho,ho,ho,ho,hwo,ho,ho,ho,ho
ለ,la,la,lä,la,lă,lɑ,lä,lə,la,le,la,la,la,la,la,la,la,l@,la,le
ሉ,lu,lu,lu,lū,lu,lu,lu,lu,lu,lu,lu,lu,lu,lu,lu,lu,lu,lu,lu,lu
ሊ,li,lī,li,lī,li,li,li,li,li,li,li,li,li,li,li,li,li,li,li,li
ላ,lā,lā,la,lā,la,la,la,la,lā,la,la,la,la,la,la,la,la,la,la,la
ሌ,lé,lē,le,lē,le,lʸe,le,le,lē,lE,le,le,le,le,le,lye,le,le,le,le
ል,le/l,l/li,lə/lø,le,lĕ,l/lə,lï,lɪ,le,l,le/l,l/li,l@/lo,le,le,l/l@,li,li,le,l
ሎ,lo,lo,lo,lō,lo,lʷo,lo,lo,lo,lo,lo,lo,lo,lo,lo,lwo,lo,lo,lo,lo
ሏ,lwa,,,,,lwa,lwä,,lwā,lWa,lwa,,,,,lwa,lwa,,lwa,lwa
ሐ,ḥa,hā,hä/ḥä,ḥa,ḥă,ha,hä,ha,ḥa,He,ha,ha,ha/ha,ha,ha,ha,ha,ha,ha,he
ሑ,ḥu,hu,hu/ḥu,ḥū,ḥu,hu,hu,hu,ḥu,Hu,hu,hu,hu/hu,hu,hu,hu,hu,hu,hu,hu
ሒ,ḥi,hī,hi/ḥi,ḥī,ḥi,hi,hi,hi,ḥi,Hi,hi,hi,hi/hi,hi,hi,hi,hi,hi,hi,hi
ሓ,ḥā,hā,ha/ḥa,ḥā,ḥa,ha,ha,ha,ḥā,Ha,ha,ha,ha/ha,ha,ha,ha,ha,ha,ha,ha
ሔ,ḥé,hē,he/ḥe,ḥē,ḥe,he,he,he,ḥē,HE,he,he,he/he,he,he,he,he,he,he,he
ሕ,ḥe/ḥ,h/hi,hə/hø/ḥə/ḥø,ḥe,ḥĕ,h/hə,hï,hɪ,ḥe,H,he/h,h/hi,h@/ho/h@/ho,he,he,h/h@,hi,hi,he,h
ሖ,ḥo,ho,ho/ḥo,ḥō,ḥo,hʷo,ho,ho,ḥo,Ho,ho,ho,ho/ho,ho,ho,hwo,ho,ho,ho,ho
ሗ,,,,,,,,,ḥwā,HWa,,,,,,,,,hwa,hwa
መ,ma,ma,mä,ma,mă,mɑ,mä,mə,ma,me,ma,ma,ma,ma,ma,ma,ma,m@,ma,me
ሙ,mu,mu,mu,mū,mu,mu,mu,mu,mu,mu,mu,mu,mu,mu,mu,mu,mu,mu,mu,mu
ሚ,mi,mī,mi,mī,mi,mi,mi,mi,mi,mi,mi,mi,mi,mi,mi,mi,mi,mi,mi,mi
ማ,mā,mā,ma,mā,ma,ma,ma,ma,mā,ma,ma,ma,ma,ma,ma,ma,ma,ma,ma,ma
ሜ,mé,mē,me,mē,me,mʸe,me,me,mē,mE,me,me,me,me,me,mye,me,me,me,me
ም,me/m,m/mi,mə/mø,me,mĕ,m/mə,mï,mɪ,me,m,me/m,m/mi,m@/mo,me,me,m/m@,mi,mi,me,m
ሞ,mo,mo,mo,mō,mo,mʷo,mo,mo,mo,mo,mo,mo,mo,mo,mo,mwo,mo,mo,mo,mo
ᎀ,,,,,,,,,mwa,mWe,,,,,,,,,mwa,mwe
ᎁ,,,,,,,,,mwi,mWi,,,,,,,,,mwi,mwi
ሟ,mwa,,,,,mwa,mwä,,mwā,mWa,mwa,,,,,mwa,mwa,,mwa,mwa
ᎂ,,,,,,,,,mwē,mWE,,,,,,,,,mwe,mwe
ᎃ,,,,,,,,,mwe,mW,,,,,,,,,mwe,mw
ሠ,śa,sa,śä,ša,śă,sɑ,sä,sə,śa,‘se,sa,sa,sa,sa,sa,sa,sa,s@,sa,'se
ሡ,śu,su,śu,šū,śu,su,su,su,śu,‘su,su,su,su,su,su,su,su,su,su,'su
ሢ,śi,sī,śi,šī,śi,si,si,si,śi,‘si,si,si,si,si,si,si,si,si,si,'si
ሣ,śā,sā,śa,šā,śa,sa,sa,sa,śā,‘sa,sa,sa,sa,sa,sa,sa,sa,sa,sa,'sa
ሤ,śé,sē,śe,šē,śe,sʸe,se,se,śē,‘sE,se,se,se,se,se,sye,se,se,se,'se
ሥ,śe/ś,s/si,śə/śø,še,śĕ,s/sə,sï,sɪ,śe,‘s,se/s,s/si,s@/so,se,se,s/s@,si,si,se,'s
ሦ,śo,so,śo,šō,śo,sʷo,so,so,śo,‘so,so,so,so,so,so,swo,so,so,so,'so
ሧ,,,,,,,,,śwā,‘sWa,,,,,,,,,swa,'swa
ረ,ra,ra,rä,ra,ră,rɑ,rä,rə,ra,re,ra,ra,ra,ra,ra,ra,ra,r@,ra,re
ሩ,ru,ru,ru,rū,ru,ru,ru,ru,ru,ru,ru,ru,ru,ru,ru,ru,ru,ru,ru,ru
ሪ,ri,rī,ri,rī,ri,ri,ri,ri,ri,ri,ri,ri,ri,ri,ri,ri,ri,ri,ri,ri
ራ,rā,rā,ra,rā,ra,ra,ra,ra,rā,ra,ra,ra,ra,ra,ra,ra,ra,ra,ra,ra
ሬ,ré,rē,re,rē,re,rʸe,re,re,rē,rE,re,re,re,re,re,rye,re,re,re,re
ር,re/r,r/ri,rə/rø,re,rĕ,r/rə,rï,rɪ,re,r,re/r,r/ri,r@/ro,re,re,r/r@,ri,ri,re,r
ሮ,ro,ro,ro,rō,ro,rʷo,ro,ro,ro,ro,ro,ro,ro,ro,ro,rwo,ro,ro,ro,ro
ሯ,rwa,,,,,rwa,rwä,,rwā,rWa,rwa,,,,,rwa,rwa,,rwa,rwa
ሰ,sa,sa,sä,sa,să,sɑ,sä,sə,sa,se,sa,sa,sa,sa,sa,sa,sa,s@,sa,se
ሱ,su,su,su,sū,su,su,su,su,su,su,su,su,su,su,su,su,su,su,su,su
ሲ,si,sī,si,sī,si,si,si,si,si,si,si,si,si,si,si,si,si,si,si,si
ሳ,sā,sā,sa,sā,sa,sa,sa,sa,sā,sa,sa,sa,sa,sa,sa,sa,sa,sa,sa,sa
ሴ,sé,sē,se,sē,se,sʸe,se,se,sē,sE,se,se,se,se,se,sye,se,se,se,se
ስ,se/s,s/si,sə/sø,se,sĕ,s/sə,sï,sɪ,se,s,se/s,s/si,s@/so,se,se,s/s@,si,si,se,s
ሶ,so,so,so,sō,so,sʷo,so,so,so,so,so,so,so,so,so,swo,so,so,so,so
ሷ,swa,,,,,swa,swä,,swā,sWa,swa,,,,,swa,swa,,swa,swa
ሸ,ša,sha,šä,,chă,šä,shä,šə,ša,xe,sa,sha,sa,,cha,sa,sha,s@,sa,xe
ሹ,šu,shu,šu,,chu,šu,shu,šu,šu,xu,su,shu,su,,chu,su,shu,su,su,xu
ሺ,ši,shī,ši,,chi,ši,shi,ši,ši,xi,si,shi,si,,chi,si,shi,si,si,xi
ሻ,šā,shā,ša,,cha,ša,sha,ša,šā,xa,sa,sha,sa,,cha,sa,sha,sa,sa,xa
ሼ,šé,shē,še,,che,še,she,še,šē,xE,se,she,se,,che,se,she,se,se,xe
ሽ,še/š,sh/shi,šə/šø,,chĕ,š/šə,shï,šɪ,še,x,se/s,sh/shi,s@/so,,che,s/s@,shi,si,se,x
ሾ,šo,sho,šo,,cho,šʷo,sho,šo,šo,xo,so,sho,so,,cho,swo,sho,so,so,xo
ሿ,šwa,,,,,šwa,shwä,,šwā,xWa,swa,,,,,swa,shwa,,swa,xwa
ቀ,qa,ka,qä,qa,qă,qɑ,ḳä,Kə,qa,qe,qa,ka,qa,qa,qa,qa,ka,k@,qa,qe
ቁ,qu,ku,qu,qū,qu,qu,ḳu,Ku,qu,qu,qu,ku,qu,qu,qu,qu,ku,ku,qu,qu
ቂ,qi,kī,qi,qī,qi,qi,ḳi,Ki,qi,qi,qi,ki,qi,qi,qi,qi,ki,ki,qi,qi
ቃ,qā,kā,qa,qā,qa,qa,ḳa,Ka,qā,qa,qa,ka,qa,qa,qa,qa,ka,ka,qa,qa
ቄ,qé,kē,qe,qē,qe,qʸe,ḳe,Ke,qē,qE,qe,ke,qe,qe,qe,qye,ke,ke,qe,qe
ቅ,qe/q,k/ki,qə/qø,qe,qĕ,q/qə,ḳï,Kɪ,qe,q,qe/q,k/ki,q@/qo,qe,qe,q/q@,ki,ki,qe,q
ቆ,qo,ko,qo,qō,qo,qʷo,ḳo,Ko,qo,qo,qo,ko,qo,qo,qo,qwo,ko,ko,qo,qo
ቇ,,,,,,,,,,,,,,,,,,,,
ቈ,qwa,kwa,quä,qua,quă,qwå,ḳwe,Kwə,qwa,qWe,qwa,kwa,qua,qua,qua,qwa,kwe,kw@,qwa,qwe
ቊ,qwi,kwī,qui,quī,qui,qwi,ḳwi,Kwi,qwi,qWi,qwi,kwi,qui,qui,qui,qwi,kwi,kwi,qwi,qwi
ቋ,qwā,kwā,qua,quā,qua,qwa,ḳwä,Kwa,qwā,qWa,qwa,kwa,qua,qua,qua,qwa,kwa,kwa,qwa,qwa
ቌ,qwé,kwē,que,quē,que,qwe,ḳwe,Kwe,qwē,qWE,qwe,kwe,que,que,que,qwe,kwe,kwe,qwe,qwe
ቍ,qwe,kwi,quə,que,quĕ,qwə/qwŭ,ḳwï,Kwɪ,qwe,qW,qwe,kwi,qu@,que,que,qw@/qwu,kwi,kwi,qwe,qw
ⷀ,,,,,,,,,q́a,‘qe,,,,,,,,,qa,'qe
ⷁ,,,,,,,,,q́u,‘qu,,,,,,,,,qu,'qu
ⷂ,,,,,,,,,q́i,‘qi,,,,,,,,,qi,'qi
ⷃ,,,,,,,,,q́ā,‘qa,,,,,,,,,qa,'qa
ⷄ,,,,,,,,,q́ē,‘qE,,,,,,,,,qe,'qe
ⷅ,,,,,,,,,q́e,‘q,,,,,,,,,qe,'q
ⷆ,,,,,,,,,q́o,‘qo,,,,,,,,,qo,'qo
ቐ,,,,,qă,,,,q̣a,Qe,,,,,qa,,,,qa,qe
ቑ,,,,,qi,,,,q̣u,Qu,,,,,qi,,,,qu,qu
ቒ,,,,,qa,,,,q̣i,Qi,,,,,qa,,,,qi,qi
ቓ,,,,,,,,,q̣ā,Qa,,,,,,,,,qa,qa
ቔ,,,,,qĕ,,,,q̣ē,QE,,,,,qe,,,,qe,qe
ቕ,,,,,qo,,,,q̣e,Q,,,,,qo,,,,qe,q
ቖ,,,,,,,,,q̣o,Qo,,,,,,,,,qo,qo
ቘ,,,,,,,,,q̣wa,QWe,,,,,,,,,qwa,qwe
ቚ,,,,,,,,,q̣wi,QWi,,,,,,,,,qwi,qwi
ቛ,,,,,,,,,q̣wā,QWa,,,,,,,,,qwa,qwa
ቜ,,,,,,,,,q̣wē,QWE,,,,,,,,,qwe,qwe
ቝ,,,,,,,,,q̣we,QW,,,,,,,,,qwe,qw
በ,ba,ba,bä,ba,bă,bɑ,bä,bə,ba,be,ba,ba,ba,ba,ba,ba,ba,b@,ba,be
ቡ,bu,bu,bu,bū,bu,bu,bu,bu,bu,bu,bu,bu,bu,bu,bu,bu,bu,bu,bu,bu
ቢ,bi,bī,bi,bī,bi,bi,bi,bi,bi,bi,bi,bi,bi,bi,bi,bi,bi,bi,bi,bi
ባ,bā,bā,ba,bā,ba,ba,ba,ba,bā,ba,ba,ba,ba,ba,ba,ba,ba,ba,ba,ba
ቤ,bé,bē,be,bē,be,bʸe,be,be,bē,bE,be,be,be,be,be,bye,be,be,be,be
ብ,be/b,b/bi,bə/bø,be,bĕ,b/bə,bï,bɪ,be,b,be/b,b/bi,b@/bo,be,be,b/b@,bi,bi,be,b
ቦ,bo,bo,bo,bō,bo,bʷo,bo,bo,bo,bo,bo,bo,bo,bo,bo,bwo,bo,bo,bo,bo
ᎄ,,,,,,bwa,bwä,,bwa,bWe,,,,,,bwa,bwa,,bwa,bwe
ᎅ,,,,,,,,,bwi,bWi,,,,,,,,,bwi,bwi
ቧ,bwa,,,,,,,,bwā,bWa,bwa,,,,,,,,bwa,bwa
ᎆ,,,,,,,,,bwē,bWe,,,,,,,,,bwe,bwe
ᎇ,,,,,,,,,bwe,bW,,,,,,,,,bwe,bw
ቨ,va,,,,,,,və,va,ve,va,,,,,,,v@,va,ve
ቩ,vu,,,,,,,vu,vu,vu,vu,,,,,,,vu,vu,vu
ቪ,vi,,,,,,,vi,vi,vi,vi,,,,,,,vi,vi,vi
ቫ,vā,,,,,,,va,vā,va,va,,,,,,,va,va,va
ቬ,vé,,,,,,,ve,vē,vE,ve,,,,,,,ve,ve,ve
ቭ,ve/v,,,,,,,vɪ,ve,v,ve/v,,,,,,,vi,ve,v
ቮ,vo,,,,,,,vo,vo,vo,vo,,,,,,,vo,vo,vo
ቯ,,,,,,,,,vwā,vWa,,,,,,,,,vwa,vwa
ተ,ta,ta,tä,ta,tă,tɑ,tä,tə,ta,te,ta,ta,ta,ta,ta,ta,ta,t@,ta,te
ቱ,tu,tu,tu,tū,tu,tu,tu,tu,tu,tu,tu,tu,tu,tu,tu,tu,tu,tu,tu,tu
ቲ,ti,tī,ti,tī,ti,ti,ti,ti,ti,ti,ti,ti,ti,ti,ti,ti,ti,ti,ti,ti
ታ,tā,tā,ta,tā,ta,ta,ta,ta,tā,ta,ta,ta,ta,ta,ta,ta,ta,ta,ta,ta
ቴ,té,tē,te,tē,te,tʸe,te,te,tē,tE,te,te,te,te,te,tye,te,te,te,te
ት,te/t,t/ti,tə/tø,te,tĕ,t/tə,tï,tɪ,te,t,te/t,t/ti,t@/to,te,te,t/t@,ti,ti,te,t
ቶ,to,to,to,tō,to,tʷo,to,to,to,to,to,to,to,to,to,two,to,to,to,to
ቷ,twa,,,,,twa,twä,,twā,tWa,twa,,,,,twa,twa,,twa,twa
ቸ,ča,cha,čä,,tchă,čä,chä,cə,ča,ce,ca,cha,ca,,tcha,ca,cha,c@,ca,ce
ቹ,ču,chu,ču,,tchu,ču,chu,cu,ču,cu,cu,chu,cu,,tchu,cu,chu,cu,cu,cu
ቺ,či,chī,či,,tchi,či,chi,ci,či,ci,ci,chi,ci,,tchi,ci,chi,ci,ci,ci
ቻ,čā,chā,ča,,tcha,ča,cha,ca,čā,ca,ca,cha,ca,,tcha,ca,cha,ca,ca,ca
ቼ,čé,chē,če,,tche,če,che,ce,čē,cE,ce,che,ce,,tche,ce,che,ce,ce,ce
ች,če/č,ch/chi,čə/čø,,tchĕ,č/čə,chï,cɪ,če,c,ce/c,ch/chi,c@/co,,tche,c/c@,chi,ci,ce,c
ቾ,čo,cho,čo,,tcho,čʷo,cho,co,čo,co,co,cho,co,,tcho,cwo,cho,co,co,co
ቿ,čwa,,,,,čwa,chwä,,čwā,cWa,cwa,,,,,cwa,chwa,,cwa,cwa
ኀ,ẖa,hā,hä/ḫä,ḫa,ḫă,ha,hä,ha,ẖa,‘he,ha,ha,ha/ha,ha,ha,ha,ha,ha,ha,'he
ኁ,ẖu,hu,hu/ḫu,ḫū,ḫu,hu,hu,hu,ẖu,‘hu,hu,hu,hu/hu,hu,hu,hu,hu,hu,hu,'hu
ኂ,ẖi,hī,hi/ḫi,ḫī,ḫi,hi,hi,hi,ẖi,‘hi,hi,hi,hi/hi,hi,hi,hi,hi,hi,hi,'hi
ኃ,ẖā,hā,ha/ḫa,ḫā,ḫa,ha,ha,ha,ẖā,‘ha,ha,ha,ha/ha,ha,ha,ha,ha,ha,ha,'ha
ኄ,ẖé,hē,he/ḫe,ḫē,ḫe,he,he,he,ẖē,‘hE,he,he,he/he,he,he,he,he,he,he,'he
ኅ,ẖe/ẖ,h/hi,hə/hø/ḫə/ḫø,ḫe,ḫĕ,h/hə,hï,hɪ,ẖe,‘h,he/h,h/hi,h@/ho/h@/ho,he,he,h/h@,hi,hi,he,'h
ኆ,ẖo,ho,ho/ḫo,ḫō,ḫo,hʷo,ho,ho,ẖo,‘ho,ho,ho,ho/ho,ho,ho,hwo,ho,ho,ho,'ho
ኈ,ẖwa,hwa,huä/ḫuä,ḫua,ḫuă,hwå,hwe,hwə,ẖwa,hWe,hwa,hwa,hua/hua,hua,hua,hwa,hwe,hw@,hwa,hwe
ኊ,ẖwi,hwī,hui/ḫui,ḫuī,ḫui,hwi,hwi,hwi,ẖwi,hWi,hwi,hwi,hui/hui,hui,hui,hwi,hwi,hwi,hwi,hwi
ኋ,ẖwā,hwā,hua/ḫua,ḫuā,ḫua,hwa,hwä,hwa,ẖwā,hWa,hwa,hwa,hua/hua,hua,hua,hwa,hwa,hwa,hwa,hwa
ኌ,ẖwé,hwē,hue/ḫue,ḫuē,ḫue,hwe,hwe,hwe,ẖwē,hWE,hwe,hwe,hue/hue,hue,hue,hwe,hwe,hwe,hwe,hwe
ኍ,ẖwe,hwi,huə/ḫuə,ḫue,ḫuĕ,hwə/hwŭ,hwï,hwɪ,ẖwe,hW,hwe,hwi,hu@/hu@,hue,hue,hw@/hwu,hwi,hwi,hwe,hw
ነ,na,na,nä,na,nă,nɑ,nä,nə,na,ne,na,na,na,na,na,na,na,n@,na,ne
ኑ,nu,nu,nu,nū,nu,nu,nu,nu,nu,nu,nu,nu,nu,nu,nu,nu,nu,nu,nu,nu
ኒ,ni,nī,ni,nī,ni,ni,ni,ni,ni,ni,ni,ni,ni,ni,ni,ni,ni,ni,ni,ni
ና,nā,nā,na,nāʼ,na,na,na,na,nā,na,na,na,na,na',na,na,na,na,na,na
ኔ,né,nē,ne,nē,ne,nʸe,ne,ne,nē,nE,ne,ne,ne,ne,ne,nye,ne,ne,ne,ne
ን,ne/n,n/ni,nə/nø,ne,nĕ,n/nə,nï,nɪ,ne,n,ne/n,n/ni,n@/no,ne,ne,n/n@,ni,ni,ne,n
ኖ,no,no,no,nō,no,nʷo,no,no,no,no,no,no,no,no,no,nwo,no,no,no,no
ኗ,nwa,,,,,nwa,nwä,,nwā,nWa,nwa,,,,,nwa,nwa,,nwa,nwa
ኘ,ña,ña,ñä,,gnă,ñä,n̄ä,ñə,ña,Ne,na,na,na,,gna,na,na,n@,na,ne
ኙ,ñu,ñu,ñu,,gnu,ñu,n̄u,ñu,ñu,Nu,nu,nu,nu,,gnu,nu,nu,nu,nu,nu
ኚ,ñi,ñī,ñi,,gni,ñi,n̄i,ñi,ñi,Ni,ni,ni,ni,,gni,ni,ni,ni,ni,ni
ኛ,ñā,ñā,ña,,gna,ña,n̄a,ña,ñā,Na,na,na,na,,gna,na,na,na,na,na
ኜ,ñé,ñē,ñe,,gne,ñe,n̄e,ñe,ñē,NE,ne,ne,ne,,gne,ne,ne,ne,ne,ne
ኝ,ñe/ñ,ñ/ñi,ñə/ñø,,gnĕ,ñ/ñə,n̄ï,ñɪ,ñe,N,ne/n,n/ni,n@/no,,gne,n/n@,ni,ni,ne,n
ኞ,ño,ño,ño,,gno,ñʷo,n̄o,ño,ño,No,no,no,no,,gno,nwo,no,no,no,no
ኟ,ñwa,,,,,ñwa,n̄wä,,ñwā,NWa,nwa,,,,,nwa,nwa,,nwa,nwa
አ,ʼa,ā,ʾä,ʼa,ʾă,a,ä,a,ʼa,e/a,'a,a,`a,'a,`a,a,a,a,'a,e/a
ኡ,ʼu,u,ʾu,ʼū,ʾu,u,u,u,ʼu,u/U,'u,u,`u,'u,`u,u,u,u,'u,u/u
ኢ,ʼi,ī,ʾi,ʼī,ʾi,i,i,i,ʼi,i,'i,i,`i,'i,`i,i,i,i,'i,i
ኣ,ʼā,ā,ʾa,ā,ʾa,a,a,a,ʼā,A/a,'a,a,`a,a,`a,a,a,a,'a,a/a
ኤ,ʼé,ē,ʾe,ʼē,ʾe,ʸe,e,e,ʼē,E,'e,e,`e,'e,`e,ye,e,e,'e,e
እ,ʼe,i,ʾə/ʾø,ʼe,ʾĕ,ə,ï,ɪ,ʼe,I,'e,i,`@/`o,'e,`e,@,i,i,'e,i
ኦ,ʼo,o,ʾo,ʼō,ʾo,ʷo,o,o,ʼo,o/O,'o,o,`o,'o,`o,wo,o,o,'o,o/o
ኧ,ă,,,,,ɑ-,,,ʼwa,ea,a,,,,,a-,,,'wa,ea
ከ,ka,ka,kä,ka,kă,kɑ,kä,kə,ka,ke,ka,ka,ka,ka,ka,ka,ka,k@,ka,ke
ኩ,ku,ku,ku,kū,ku,ku,ku,ku,ku,ku,ku,ku,ku,ku,ku,ku,ku,ku,ku,ku
ኪ,ki,kī,ki,kī,ki,ki,ki,ki,ki,ki,ki,ki,ki,ki,ki,ki,ki,ki,ki,ki
ካ,kā,kā,ka,kā,ka,ka,ka,ka,kā,ka,ka,ka,ka,ka,ka,ka,ka,ka,ka,ka
ኬ,ké,kē,ke,kē,ke,kʸe,ke,ke,kē,kE,ke,ke,ke,ke,ke,kye,ke,ke,ke,ke
ክ,ke/k,k/ki,kə/kø,ke,kĕ,k/kə,kï,kɪ,ke,k,ke/k,k/ki,k@/ko,ke,ke,k/k@,ki,ki,ke,k
ኮ,ko,ko,ko,kō,ko,kʷo,ko,ko,ko,ko,ko,ko,ko,ko,ko,kwo,ko,ko,ko,ko
ኯ,,,,,,,,,,,,,,,,,,,,
ኰ,kwa,kwa,kuä,kua,kuă,kwå,kwe,kwə,kwa,kWe,kwa,kwa,kua,kua,kua,kwa,kwe,kw@,kwa,kwe
ኲ,kwi,kwī,kui,kuī,kui,kwi,kwi,kwi,kwi,kWi,kwi,kwi,kui,kui,kui,kwi,kwi,kwi,kwi,kwi
ኳ,kwā,kwā,kua,kuā,kua,kwa,kwä,kwa,kwā,kWa,kwa,kwa,kua,kua,kua,kwa,kwa,kwa,kwa,kwa
ኴ,kwé,kwē,kue,kuē,kue,kwe,kwe,kwe,kwē,kWE,kwe,kwe,kue,kue,kue,kwe,kwe,kwe,kwe,kwe
ኵ,kwe,kwi,kuə,kue,kuĕ,kwə/kwŭ,kwï,kwɪ,kwe,kW,kwe,kwi,ku@,kue,kue,kw@/kwu,kwi,kwi,kwe,kw
ⷈ,,,,,,,,,ḱa,‘ke,,,,,,,,,ka,'ke
ⷉ,,,,,,,,,ḱu,‘ku,,,,,,,,,ku,'ku
ⷊ,,,,,,,,,ḱi,‘ki,,,,,,,,,ki,'ki
ⷋ,,,,,,,,,ḱā,‘ka,,,,,,,,,ka,'ka
ⷌ,,,,,,,,,ḱē,‘kE,,,,,,,,,ke,'ke
ⷍ,,,,,,,,,ḱe,‘k,,,,,,,,,ke,'k
ⷎ,,,,,,,,,ḱo,‘ko,,,,,,,,,ko,'ko
ኸ,xa,kha,hä,,khă,hɑ,hä,hə,ḵa,Ke,xa,kha,ha,,kha,ha,ha,h@,ka,ke
ኹ,xu,khu,hu,,khu,hu,hu,hu,ḵu,Ku,xu,khu,hu,,khu,hu,hu,hu,ku,ku
ኺ,xi,khī,hi,,khi,hi,hi,hi,ḵi,Ki,xi,khi,hi,,khi,hi,hi,hi,ki,ki
ኻ,xā,khā,ha,,kha,ha,ha,ha,ḵā,Ka,xa,kha,ha,,kha,ha,ha,ha,ka,ka
ኼ,xé,khē,he,,khe,hʸe,he,he,ḵē,KE,xe,khe,he,,khe,hye,he,he,ke,ke
ኽ,xe/x,kh/khi,hə/hø,,khĕ,h/hə,hï,hɪ,ḵe,K,xe/x,kh/khi,h@/ho,,khe,h/h@,hi,hi,ke,k
ኾ,xo,kho,ho,,kho,hʷo,ho,ho,ḵo,Ko,xo,kho,ho,,kho,hwo,ho,ho,ko,ko
ዀ,,,,,,,,,ḵwa,KWe,,,,,,,,,kwa,kwe
ዂ,,,,,,,,,ḵwi,KWi,,,,,,,,,kwi,kwi
ዃ,,,,,,,hwä,,ḵwā,KWa,,,,,,,hwa,,kwa,kwa
ዄ,,,,,,,,,ḵwē,KWE,,,,,,,,,kwe,kwe
ዅ,,,,,,,,,ḵwe,KW,,,,,,,,,kwe,kw
ⷐ,,,,,,,,,h́a,Xe,,,,,,,,,ha,xe
ⷑ,,,,,,,,,h́u,Xu,,,,,,,,,hu,xu
ⷒ,,,,,,,,,h́i,Xi,,,,,,,,,hi,xi
ⷓ,,,,,,,,,h́ā,Xa,,,,,,,,,ha,xa
ⷔ,,,,,,,,,h́ē,XE,,,,,,,,,he,xe
ⷕ,,,,,,,,,h́e,X,,,,,,,,,he,x
ⷖ,,,,,,,,,h́o,Xo,,,,,,,,,ho,xo
ወ,wa,wa,wä,wa,wă,wå,wä,wə,wa,we,wa,wa,wa,wa,wa,wa,wa,w@,wa,we
ዉ,wu,wu,wu,wū,wu,wu,wu,wu,wu,wu,wu,wu,wu,wu,wu,wu,wu,wu,wu,wu
ዊ,wi,wī,wi,wī,wi,wi,wi,wi,wi,wi,wi,wi,wi,wi,wi,wi,wi,wi,wi,wi
ዋ,wā,wā,wa,wā,wa,wa,wa,wa,wā,wa,wa,wa,wa,wa,wa,wa,wa,wa,wa,wa
ዌ,wé,wē,we,wē,we,wʸe,we,we,wē,wE,we,we,we,we,we,wye,we,we,we,we
ው,we/w,w/wi,wə/wø,we,wĕ,w/wə/wŭ,wï,wɪ,we,w,we/w,w/wi,w@/wo,we,we,w/w@/wu,wi,wi,we,w
ዎ,wo,wo,wo,wō,wo,wo,wo,wo,wo,wo,wo,wo,wo,wo,wo,wo,wo,wo,wo,wo
ዐ,ʻa,ā,ʿä,ʽa,ʿă,a,ä,a,ʻa,‘e,`a,a,'a,`a,'a,a,a,a,`a,'e
ዑ,ʻu,u,ʿu,ʽū,ʿu,u,u,u,ʻu,‘u/‘U,`u,u,'u,`u,'u,u,u,u,`u,'u/'u
ዒ,ʻi,ī,ʿi,ʽī,ʿi,i,i,i,ʻi,‘i,`i,i,'i,`i,'i,i,i,i,`i,'i
ዓ,ʻā,ā,ʿa,ʽā,ʿa,a,a,a,ʻā,‘A/‘a,`a,a,'a,`a,'a,a,a,a,`a,'a/'a
ዔ,ʻé,ē,ʿe,ʽē,ʿe,ʸe,e,e,ʻē,‘E,`e,e,'e,`e,'e,ye,e,e,`e,'e
ዕ,ʻe,i,ʿə/ʿø,ʽe,ʿĕ,ə,ï,ɪ,ʻe,‘I,`e,i,'@/'o,`e,'e,@,i,i,`e,'i
ዖ,ʻo,o,ʿo,ʽō,ʿo,ʷo,o,o,ʻo,‘o/‘O,`o,o,'o,`o,'o,wo,o,o,`o,'o/'o
ዘ,za,za,zä,za,ză,zɑ,zä,zə,za,ze,za,za,za,za,za,za,za,z@,za,ze
ዙ,zu,zu,zu,zū,zu,zu,zu,zu,zu,zu,zu,zu,zu,zu,zu,zu,zu,zu,zu,zu
ዚ,zi,zī,zi,zī,zi,zi,zi,zi,zi,zi,zi,zi,zi,zi,zi,zi,zi,zi,zi,zi
ዛ,zā,zā,za,zā,za,za,za,za,zā,za,za,za,za,za,za,za,za,za,za,za
ዜ,zé,zē,ze,zē,ze,zʸe,ze,ze,zē,zE,ze,ze,ze,ze,ze,zye,ze,ze,ze,ze
ዝ,ze/z,z/zi,zə/zø,ze,zĕ,z/zə,zï,zɪ,ze,z,ze/z,z/zi,z@/zo,ze,ze,z/z@,zi,zi,ze,z
ዞ,zo,zo,zo,zō,zo,zʷo,zo,zo,zo,zo,zo,zo,zo,zo,zo,zwo,zo,zo,zo,zo
ዟ,zwa,,,,,zwa,zwä,,zwā,zWa,zwa,,,,,zwa,zwa,,zwa,zwa
ዠ,ža,zha,žä,,jă,žä,zhä,žə,ža,Ze,za,zha,za,,ja,za,zha,z@,za,ze
ዡ,žu,zhu,žu,,ju,žu,zhu,žu,žu,Zu,zu,zhu,zu,,ju,zu,zhu,zu,zu,zu
ዢ,ži,zhī,ži,,ji,ži,zhi,ži,ži,Zi,zi,zhi,zi,,ji,zi,zhi,zi,zi,zi
ዣ,žā,zhā,ža,,ja,ža,zha,ža,žā,Za,za,zha,za,,ja,za,zha,za,za,za
ዤ,žé,zhē,že,,je,že,zhe,že,žē,ZE,ze,zhe,ze,,je,ze,zhe,ze,ze,ze
ዥ,že/ž,zh/zhi,žə/žø,,jĕ,ž/žə,zhï,žɪ,že,Z,ze/z,zh/zhi,z@/zo,,je,z/z@,zhi,zi,ze,z
ዦ,žo,zho,žo,,jo,žʷo,zho,žo,žo,Zo,zo,zho,zo,,jo,zwo,zho,zo,zo,zo
ዧ,žwa,,,,,žwa,zhwä,,žwā,ZWa,zwa,,,,,zwa,zhwa,,zwa,zwa
የ,ya,ya,yä,ja,jă,yä,yä,yə,ya,ye,ya,ya,ya,ja,ja,ya,ya,y@,ya,ye
ዩ,yu,yu,yu,jū,ju,yu,yu,yu,yu,yu,yu,yu,yu,ju,ju,yu,yu,yu,yu,yu
ዪ,yi,yī,yi,jī,ji,yi,yi,yi,yi,yi,yi,yi,yi,ji,ji,yi,yi,yi,yi,yi
ያ,yā,yā,ya,jā,ja,ya,ya,ya,yā,ya,ya,ya,ya,ja,ja,ya,ya,ya,ya,ya
ዬ,yé,yē,ye,jē,je,ye,ye,ye,yē,yE,ye,ye,ye,je,je,ye,ye,ye,ye,ye
ይ,ye/y,y/yi,yə/yø,je,jĕ,y/yə,yï,yɪ,ye,y,ye/y,y/yi,y@/yo,je,je,y/y@,yi,yi,ye,y
ዮ,yo,yo,yo,jō,jo,yo,yo,yo,yo,yo,yo,yo,yo,jo,jo,yo,yo,yo,yo,yo
ደ,da,da,dä,da,dă,dɑ,dä,də,da,de,da,da,da,da,da,da,da,d@,da,de
ዱ,du,du,du,dū,du,du,du,du,du,du,du,du,du,du,du,du,du,du,du,du
ዲ,di,dī,di,dī,di,di,di,di,di,di,di,di,di,di,di,di,di,di,di,di
ዳ,dā,dā,da,dā,da,da,da,da,dā,da,da,da,da,da,da,da,da,da,da,da
ዴ,dé,dē,de,dē,de,dʸe,de,de,dē,dE,de,de,de,de,de,dye,de,de,de,de
ድ,de/d,d/di,də/dø,de,dĕ,d/də,dï,dɪ,de,d,de/d,d/di,d@/do,de,de,d/d@,di,di,de,d
ዶ,do,do,do,dō,do,dʷo,do,do,do,do,do,do,do,do,do,dwo,do,do,do,do
ዷ,dwa,,,,,dwa,dwä,,dwā,dWa,dwa,,,,,dwa,dwa,,dwa,dwa
ዸ,,,,,,,,,ḍa,De,,,,,,,,,da,de
ዹ,,,,,,,,,ḍu,Du,,,,,,,,,du,du
ዺ,,,,,,,,,ḍi,Di,,,,,,,,,di,di
ዻ,,,,,,,,,ḍā,Da,,,,,,,,,da,da
ዼ,,,,,,,,,ḍē,DE,,,,,,,,,de,de
ዽ,,,,,,,,,ḍe,D,,,,,,,,,de,d
ዾ,,,,,,,,,ḍo,Do,,,,,,,,,do,do
ዿ,,,,,,,,,ḍwā,DWa,,,,,,,,,dwa,dwa
ጀ,ǧa,ja,ǧä,,djă,ǧä,jä,jə,ǧa,je,ga,ja,ga,,dja,ga,ja,j@,ga,je
ጁ,ǧu,ju,ǧu,,dju,ǧu,ju,ju,ǧu,ju,gu,ju,gu,,dju,gu,ju,ju,gu,ju
ጂ,ǧi,jī,ǧi,,dji,ǧi,ji,ji,ǧi,ji,gi,ji,gi,,dji,gi,ji,ji,gi,ji
ጃ,ǧā,jā,ǧa,,dja,ǧa,ja,ja,ǧā,ja,ga,ja,ga,,dja,ga,ja,ja,ga,ja
ጄ,ǧé,jē,ǧe,,dje,ǧe,je,je,ǧē,jE,ge,je,ge,,dje,ge,je,je,ge,je
ጅ,ǧe/ǧ,j/ji,ǧə/ǧø,,djĕ,ǧ/ǧə,jï,jɪ,ǧe,j,ge/g,j/ji,g@/go,,dje,g/g@,ji,ji,ge,j
ጆ,ǧo,jo,ǧo,,djo,ǧʷo,jo,jo,ǧo,jo,go,jo,go,,djo,gwo,jo,jo,go,jo
ጇ,ǧwa,,,,,ǧwa,jwä,,ǧwā,jWa,gwa,,,,,gwa,jwa,,gwa,jwa
ገ,ga,ga,gä,ga,gă,gɑ,gä,gə,ga,ge,ga,ga,ga,ga,ga,ga,ga,g@,ga,ge
ጉ,gu,gu,gu,gū,gu,gu,gu,gu,gu,gu,gu,gu,gu,gu,gu,gu,gu,gu,gu,gu
ጊ,gi,gī,gi,gī,gi,gi,gi,gi,gi,gi,gi,gi,gi,gi,gi,gi,gi,gi,gi,gi
ጋ,gā,gā,ga,gā,ga,ga,ga,ga,gā,ga,ga,ga,ga,ga,ga,ga,ga,ga,ga,ga
ጌ,gé,gē,ge,gē,ge,gʸe,ge,ge,gē,gE,ge,ge,ge,ge,ge,gye,ge,ge,ge,ge
ግ,ge/g,g/gi,gə/gø,ge,gĕ,g/gə,gï,gɪ,ge,g,ge/g,g/gi,g@/go,ge,ge,g/g@,gi,gi,ge,g
ጎ,go,go,go,gō,go,gʷo,go,go,go,go,go,go,go,go,go,gwo,go,go,go,go
ጐ,gwa,gwa,guä,gua,guă,gwå,gwe,gwə,gwa,gWe,gwa,gwa,gua,gua,gua,gwa,gwe,gw@,gwa,gwe
ጒ,gwi,gwī,gui,guī,gui,gwi,gwi,gwi,gwi,gWi,gwi,gwi,gui,gui,gui,gwi,gwi,gwi,gwi,gwi
ጓ,gwā,gwā,gua,guā,gua,gwa,gwä,gwa,gwā,gWa,gwa,gwa,gua,gua,gua,gwa,gwa,gwa,gwa,gwa
ጔ,gwé,gwē,gue,guē,gue,gwe,gwe,gwe,gwē,gWE,gwe,gwe,gue,gue,gue,gwe,gwe,gwe,gwe,gwe
ጕ,gwe,gwi,guə,gue,guĕ,gwə/gwŭ,gwï,gwɪ,gwe,gW,gwe,gwi,gu@,gue,gue,gw@/gwu,gwi,gwi,gwe,gw
ⷘ,,,,,,,,,ǵa,‘ge,,,,,,,,,ga,'ge
ⷙ,,,,,,,,,ǵu,‘gu,,,,,,,,,gu,'gu
ⷚ,,,,,,,,,ǵi,‘gi,,,,,,,,,gi,'gi
ⷛ,,,,,,,,,ǵā,‘ga,,,,,,,,,ga,'ga
ⷜ,,,,,,,,,ǵē,‘gE,,,,,,,,,ge,'ge
ⷝ,,,,,,,,,ǵe,‘g,,,,,,,,,ge,'g
ⷞ,,,,,,,,,ǵo,‘go,,,,,,,,,go,'go
ጘ,,,,,,,,,g̣a,Ge,,,,,,,,,ga,ge
ጙ,,,,,,,,,g̣u,Gu,,,,,,,,,gu,gu
ጚ,,,,,,,,,g̣i,Gi,,,,,,,,,gi,gi
ጛ,,,,,,,,,g̣ā,Ga,,,,,,,,,ga,ga
ጜ,,,,,,,,,g̣ē,GE,,,,,,,,,ge,ge
ጝ,,,,,,,,,g̣e,G,,,,,,,,,ge,g
ጞ,,,,,,,,,g̣o,Go,,,,,,,,,go,go
ⶓ,,,,,,,,,g̣wa,GWe,,,,,,,,,gwa,gwe
ⶔ,,,,,,,,,g̣wi,GWi,,,,,,,,,gwi,gwi
ጟ,,,,,,,,,g̣wā,GWa,,,,,,,,,gwa,gwa
ⶕ,,,,,,,,,g̣wē,GWE,,,,,,,,,gwe,gwe
ⶖ,,,,,,,,,g̣we,GW,,,,,,,,,gwe,gw
ጠ,ṭa,ta,ṭä,ṭa,ṭă,ṭɑ,ṭä,Tə,ṭa,Te,ta,ta,ta,ta,ta,ta,ta,t@,ta,te
ጡ,ṭu,tu,ṭu,ṭū,ṭu,ṭu,ṭu,Tu,ṭu,Tu,tu,tu,tu,tu,tu,tu,tu,tu,tu,tu
ጢ,ṭi,tī,ṭi,ṭī,ṭi,ṭi,ṭi,Ti,ṭi,Ti,ti,ti,ti,ti,ti,ti,ti,ti,ti,ti
ጣ,ṭā,tā,ṭa,ṭā,ṭa,ṭa,ṭa,Ta,ṭā,Ta,ta,ta,ta,ta,ta,ta,ta,ta,ta,ta
ጤ,ṭé,tē,ṭe,ṭē,ṭe,ṭʸe,ṭe,Te,ṭē,TE,te,te,te,te,te,tye,te,te,te,te
ጥ,ṭe/ṭ,t/ti,ṭə/ṭø,ṭe,ṭĕ,ṭ/ṭə,ṭï,Tɪ,ṭe,T,te/t,t/ti,t@/to,te,te,t/t@,ti,ti,te,t
ጦ,ṭo,to,ṭo,ṭō,ṭo,ṭʷo,ṭo,To,ṭo,To,to,to,to,to,to,two,to,to,to,to
ጧ,ṭwā,,,,,ṭwa,ṭwä,,ṭwā,TWa,twa,,,,,twa,twa,,twa,twa
ጨ,ċa,cha,č̣ä,,tch’ă,č̣ä,cḥä,Cə,č̣a,Ce,ca,cha,ca,,tch'a,ca,cha,c@,ca,ce
ጩ,ċu,chu,č̣u,,tch’u,č̣u,cḥu,Cu,č̣u,Cu,cu,chu,cu,,tch'u,cu,chu,cu,cu,cu
ጪ,ċi,chī,č̣i,,tch’i,č̣i,cḥi,Ci,č̣i,Ci,ci,chi,ci,,tch'i,ci,chi,ci,ci,ci
ጫ,ċā,chā,č̣a,,tch’a,č̣a,cḥa,Ca,č̣ā,Ca,ca,cha,ca,,tch'a,ca,cha,ca,ca,ca
ጬ,ċé,chē,č̣e,,tch’e,č̣e,cḥe,Ce,č̣ē,CE,ce,che,ce,,tch'e,ce,che,ce,ce,ce
ጭ,ċe/ċ,ch/chi,č̣ə/č̣ø,,tch’ĕ,č̣/č̣ə,cḥï,Cɪ,č̣e,C,ce/c,ch/chi,c@/co,,tch'e,c/c@,chi,ci,ce,c
ጮ,ċo,cho,č̣o,,tch’o,č̣ʷo,cḥo,Co,č̣o,Co,co,cho,co,,tch'o,cwo,cho,co,co,co
ጯ,ċwā,,,,,č̣wa,cḥwä,,č̣wā,CWa,cwa,,,,,cwa,chwa,,cwa,cwa
ጰ,p̣a,p̣a,ṗä,p̣a,p̣ă,p̣ɑ,p̣ä,Pə,p̣a,Pe,pa,pa,pa,pa,pa,pa,pa,p@,pa,pe
ጱ,p̣u,p̣u,ṗu,p̣ū,p̣u,p̣u,p̣u,Pu,p̣u,Pu,pu,pu,pu,pu,pu,pu,pu,pu,pu,pu
ጲ,p̣i,p̣ī,ṗi,p̣ī,p̣i,p̣i,p̣i,Pi,p̣i,Pi,pi,pi,pi,pi,pi,pi,pi,pi,pi,pi
ጳ,p̣ā,p̣ā,ṗa,p̣ā,p̣a,p̣a,p̣a,Pa,p̣ā,Pa,pa,pa,pa,pa,pa,pa,pa,pa,pa,pa
ጴ,p̣é,p̣ē,ṗe,p̣ē,p̣e,p̣ʸe,p̣e,Pe,p̣ē,PE,pe,pe,pe,pe,pe,pye,pe,pe,pe,pe
ጵ,p̣e/p̣,p̣/p̣i,ṗə/ṗø,p̣e,p̣ĕ,p̣/p̣ə,p̣ï,Pɪ,p̣e,P,pe/p,p/pi,p@/po,pe,pe,p/p@,pi,pi,pe,p
ጶ,p̣o,p̣o,ṗo,p̣ō,p̣o,p̣ʷo,p̣o,Po,p̣o,Po,po,po,po,po,po,pwo,po,po,po,po
ጷ,,,,,,,,,p̣wā,PWa,,,,,,,,,pwa,pwa
ጸ,ṣa,tsa,ṣä,ṣa,ṣă,ṣɑ,ṣä,Sə,ṣa,Se,sa,tsa,sa,sa,sa,sa,sa,s@,sa,se
ጹ,ṣu,tsu,ṣu,ṣū,ṣu,ṣu,ṣu,Su,ṣu,Su,su,tsu,su,su,su,su,su,su,su,su
ጺ,ṣi,tsī,ṣi,ṣī,ṣi,ṣi,ṣi,Si,ṣi,Si,si,tsi,si,si,si,si,si,si,si,si
ጻ,ṣā,tsā,ṣa,ṣā,ṣa,ṣa,ṣa,Sa,ṣā,Sa,sa,tsa,sa,sa,sa,sa,sa,sa,sa,sa
ጼ,ṣé,tsē,ṣe,ṣē,ṣe,ṣʸe,ṣe,Se,ṣē,SE,se,tse,se,se,se,sye,se,se,se,se
ጽ,ṣe/ṣ,ts/tsi,ṣə/ṣø,ṣe,ṣĕ,ṣ/ṣə,ṣï,Sɪ,ṣe,S,se/s,ts/tsi,s@/so,se,se,s/s@,si,si,se,s
ጾ,ṣo,tso,ṣo,ṣō,ṣo,ṣʷo,ṣo,So,ṣo,So,so,tso,so,so,so,swo,so,so,so,so
ጿ,ṣwā,,,,,ṣwa,ṣwä,,ṣwā,SWa,swa,,,,,swa,swa,,swa,swa
ፀ,ṡa,tsa,ṣä/ẓä,ḍa,ḍă,ṣɑ,ṣä,Sə,c̣a,‘Se,sa,tsa,sa/za,da,da,sa,sa,s@,ca,'se
ፁ,ṡu,tsu,ṣu/ẓu,ḍū,ḍu,ṣu,ṣu,Su,c̣u,‘Su,su,tsu,su/zu,du,du,su,su,su,cu,'su
ፂ,ṡi,tsī,ṣi/ẓi,ḍī,ḍi,ṣi,ṣi,Si,c̣i,‘Si,si,tsi,si/zi,di,di,si,si,si,ci,'si
ፃ,ṡā,tsā,ṣa/ẓa,ḍā,ḍa,ṣa,ṣa,Sa,c̣ā,‘Sa,sa,tsa,sa/za,da,da,sa,sa,sa,ca,'sa
ፄ,ṡé,tsē,ṣe/ẓe,ḍē,ḍe,ṣʸe,ṣe,Se,c̣ē,‘SE,se,tse,se/ze,de,de,sye,se,se,ce,'se
ፅ,ṡe/ṡ,ts/tsi,ṣə/ṣø/ẓə/ẓø,ḍe,ḍĕ,ṣ/ṣə,ṣï,Sɪ,c̣e,‘S,se/s,ts/tsi,s@/so/z@/zo,de,de,s/s@,si,si,ce,'s
ፆ,ṡo,tso,ṣo/ẓo,ḍō,ḍo,ṣʷo,ṣo,Sə,c̣o,‘So,so,tso,so/zo,do,do,swo,so,s@,co,'so
ፈ,fa,fa,fä,fa,fă,fɑ,fä,fə,fa,fe,fa,fa,fa,fa,fa,fa,fa,f@,fa,fe
ፉ,fu,fu,fu,fū,fu,fu,fu,fu,fu,fu,fu,fu,fu,fu,fu,fu,fu,fu,fu,fu
ፊ,fi,fī,fi,fī,fi,fi,fi,fi,fi,fi,fi,fi,fi,fi,fi,fi,fi,fi,fi,fi
ፋ,fā,fā,fa,fā,fa,fa,fa,fa,fā,fa,fa,fa,fa,fa,fa,fa,fa,fa,fa,fa
ፌ,fé,fē,fe,fē,fe,fʸe,fe,fe,fē,fE,fe,fe,fe,fe,fe,fye,fe,fe,fe,fe
ፍ,fe/f,f/fi,fə/fø,fe,fĕ,f/fə,fï,fɪ,fe,f,fe/f,f/fi,f@/fo,fe,fe,f/f@,fi,fi,fe,f
ፎ,fo,fo,fo,fō,fo,fʷo,fo,fo,fo,fo,fo,fo,fo,fo,fo,fwo,fo,fo,fo,fo
ᎈ,,,,,,fwa,fwä,,fwa,fWe,,,,,,fwa,fwa,,fwa,fwe
ᎉ,,,,,,,,,fwi,fWi,,,,,,,,,fwi,fwi
ፏ,fwā,,,,,,,,fwā,fWa,fwa,,,,,,,,fwa,fwa
ᎊ,,,,,,,,,fwē,fWE,,,,,,,,,fwe,fwe
ᎋ,,,,,,,,,fwe,fW,,,,,,,,,fwe,fw
ፐ,pa,pa,pä,pa,pă,pɑ,pä,pə,pa,pe,pa,pa,pa,pa,pa,pa,pa,p@,pa,pe
ፑ,pu,pu,pu,pū,pu,pu,pu,pu,pu,pu,pu,pu,pu,pu,pu,pu,pu,pu,pu,pu
ፒ,pi,pī,pi,pī,pi,pi,pi,pi,pi,pi,pi,pi,pi,pi,pi,pi,pi,pi,pi,pi
ፓ,pā,pā,pa,pā,pa,pa,pa,pa,pā,pa,pa,pa,pa,pa,pa,pa,pa,pa,pa,pa
ፔ,pé,pē,pe,pē,pe,pʸe,pe,pe,pē,pE,pe,pe,pe,pe,pe,pye,pe,pe,pe,pe
ፕ,pe/p,p/pi,pə/pø,pe,pĕ,p/pə,pï,pɪ,pe,p,pe/p,p/pi,p@/po,pe,pe,p/p@,pi,pi,pe,p
ፖ,po,po,po,pō,po,pʷo,po,po,po,po,po,po,po,po,po,pwo,po,po,po,po
ᎌ,,,,,,,,,pwa,pWe,,,,,,,,,pwa,pwe
ᎍ,,,,,,,,,pwi,pWi,,,,,,,,,pwi,pwi
ፗ,,,,,,,,,pwā,pWa,,,,,,,,,pwa,pwa
ᎎ,,,,,,,,,pwē,pWE,,,,,,,,,pwe,pwe
ᎏ,,,,,,,,,pwe,pW,,,,,,,,,pwe,pw
ፘ,rya,,,,,rya,rya,,~ri,,rya,,,,,rya,rya,,~ri,
ፙ,mya,,,,,mya,,,~mA,,mya,,,,,mya,,,~ma,
ፚ,fya,,,,,fya,,,~fi,,fya,,,,,fya,,,~fi,
